use Asthma;
INSERT INTO [User] ([UID], Username, [Password], Email) VALUES
(1, 'alice_smith', 'pass123', 'alice.smith@example.com'),
(2, 'bob_jones', 'bobpass', 'bob.jones@example.com'),
(3, 'emma_jackson', 'emma123', 'emma.jackson@example.com'),
(4, 'michael_adams', 'mikepass', 'michael.adams@example.com'),
(5, 'sophia_wilson', 'sophia456', 'sophia.wilson@example.com'),
(6, 'john_doe', 'john123', 'john.doe@example.com'),
(7, 'jane_smith', 'jane456', 'jane.smith@example.com'),
(8, 'alex_wilson', 'alexpass', 'alex.wilson@example.com'),
(9, 'sara_jones', 'sara789', 'sara.jones@example.com'),
(10, 'kevin_anderson', 'kevinpass', 'kevin.anderson@example.com'),
(11, 'olivia_brown', 'olivia123', 'olivia.brown@example.com'),
(12, 'william_taylor', 'williampass', 'william.taylor@example.com'),
(13, 'emily_miller', 'emilypass', 'emily.miller@example.com'),
(14, 'daniel_johnson', 'danielpass', 'daniel.johnson@example.com'),
(15, 'ava_garcia', 'avapass', 'ava.garcia@example.com'),
(16, 'james_rodriguez', 'jamespass', 'james.rodriguez@example.com'),
(17, 'mia_martinez', 'miapass', 'mia.martinez@example.com'),
(18, 'ethan_hernandez', 'ethanpass', 'ethan.hernandez@example.com'),
(19, 'isabella_lopez', 'isabellapass', 'isabella.lopez@example.com'),
(20, 'aiden_gonzalez', 'aidenpass', 'aiden.gonzalez@example.com'),
(21, 'oliver_perez', 'oliverpass', 'oliver.perez@example.com'),
(22, 'amelia_sanchez', 'ameliapass', 'amelia.sanchez@example.com'),
(23, 'benjamin_rivera', 'benjaminpass', 'benjamin.rivera@example.com'),
(24, 'chloe_lee', 'chloepass', 'chloe.lee@example.com'),
(25, 'lucas_wood', 'lucaspass', 'lucas.wood@example.com'),
(26, 'madison_morris', 'madisonpass', 'madison.morris@example.com'),
(27, 'mason_nguyen', 'masonpass', 'mason.nguyen@example.com'),
(28, 'harper_kim', 'harperpass', 'harper.kim@example.com'),
(29, 'evelyn_tran', 'evelynpass', 'evelyn.tran@example.com'),
(30, 'jackson_ng', 'jacksonpass', 'jackson.ng@example.com');

INSERT INTO Location (LID, City, [State], ZipCode, [Address]) VALUES
(1, 'Chicago', 'IL', '60601', '123 Main St'),
(2, 'Houston', 'TX', '77002', '456 Elm St'),
(3, 'Miami', 'FL', '33101', '789 Ocean Ave'),
(4, 'Seattle', 'WA', '98101', '101 Pine St'),
(5, 'Denver', 'CO', '80202', '555 Broadway St');


INSERT INTO LocationWeather (LID, MaxTemp, MinTemp, AvgTemp, Precipitation, Date) VALUES
(1, 75, 55, 65, 0, '2024-01-10'),
(2, 80, 60, 70, 0, '2024-02-04'),
(3, 85, 65, 75, 10, '2023-08-19'),
(4, 70, 50, 60, 5, '2023-09-20'),
(5, 60, 40, 50, 8, '2023-10-19'),
(2, 75, 55, 65, 15, '2023-11-19'),
(2, 80, 60, 70, 5, '2023-12-20'),
(3, 45, 25, 35, 20, '2024-01-19'),
(4, 65, 45, 55, 10, '2024-02-18'),
(5, 85, 65, 75, 5, '2024-03-21'),
(1, 70, 50, 60, 10, '2023-04-19'),
(2, 60, 40, 50, 8, '2023-05-20'),
(3, 55, 35, 45, 12, '2023-06-19'),
(4, 80, 60, 70, 6, '2023-07-18'),
(5, 75, 55, 65, 10, '2023-08-21'),
(1, 90, 70, 80, 5, '2023-09-20'),
(2, 65, 45, 55, 15, '2023-10-19'),
(3, 50, 30, 40, 18, '2023-11-20'),
(4, 75, 55, 65, 8, '2023-12-19'),
(5, 70, 50, 60, 12, '2023-01-18'),
(1, 85, 65, 75, 7, '2023-02-21'),
(2, 60, 40, 50, 20, '2023-03-20'),
(3, 55, 35, 45, 15, '2023-04-19');

INSERT INTO HealthReview (RID, [UID], LID, Rating, Comment, [Date]) VALUES
(1, 6, 1, 4, 'Enjoyed the city vibe!', '2024-04-06'),
(2, 7, 2, 8, 'Perfect weather for outdoor activities.', '2023-12-20'),
(3, 3, 3, 2, 'Too cold for my liking.', '2024-01-19'),
(4, 9, 4, 7, 'Nice and mild, great for exploring.', '2024-02-18'),
(5, 10, 5, 9, 'Absolutely beautiful weather!', '2024-04-04'),
(6, 11, 1, 6, 'A bit chilly but manageable.', '2023-11-11'),
(7, 12, 2, 7, 'Lovely weather, perfect for a stroll.', '2024-04-04'),
(8, 13, 3, 5, 'Slightly cool, but enjoyable overall.', '2024-04-03'),
(9, 14, 4, 8, 'Great weather for outdoor activities.', '2024-04-02'),
(10, 15, 5, 6, 'Pleasant temperature, slight breeze.', '2024-04-04'),
(11, 16, 1, 9, 'Warm and sunny, perfect beach day!', '2024-04-04'),
(12, 17, 2, 5, 'Bit rainy, but still had fun.', '2024-04-11'),
(13, 18, 3, 3, 'Cold and rainy, not ideal.', '2024-04-04'),
(14, 19, 4, 7, 'Nice weather, good for sightseeing.', '2024-04-04'),
(15, 20, 5, 8, 'Enjoyed the pleasant weather.', '2024-04-04'),
(16, 21, 1, 9, 'Perfect temperature, sunny skies.', '2024-04-04'),
(17, 22, 2, 4, 'Too much rain, couldnt do much outdoors.', '2024-04-04'),
(18, 23, 3, 5, 'Cool weather, could use a jacket.', '2024-04-04'),
(19, 24, 1, 7, 'Warm weather, great for outdoor activities.', '2024-04-04'),
(20, 25, 2, 8, 'Sunny and warm, perfect day for a picnic.', '2024-04-04');



